LOTTERY NUMBER,ONE,TWO,THREE,FOUR,FIVE,SIX,,,,,
1,2,8,10,13,27,30,,,,,
2,1,9,16,20,21,43,,,,,
3,1,5,15,31,36,38,,,,,
4,16,18,26,27,34,40,,,,,
5,9,15,21,23,27,28,,,,,
6,6,12,23,25,28,38,,,,,
7,7,19,21,23,33,35,,,,,
8,11,16,18,20,42,43,,,,,
9,11,19,23,38,39,42,,,,,
10,1,3,19,21,35,39,,,,,
11,12,26,32,37,40,42,,,,,
12,14,17,27,28,35,39,,,,,
13,13,29,31,37,41,42,,,,,
14,2,8,11,35,37,38,,,,,
15,4,6,11,20,21,28,,,,,
16,5,12,13,29,34,35,,,,,
17,14,20,25,34,35,36,,,,,
18,6,16,18,27,36,41,,,,,
19,4,8,12,30,33,43,,,,,
20,7,29,33,35,37,39,,,,,
21,5,7,13,19,38,41,,,,,
22,8,12,16,19,20,35,,,,,
23,7,10,28,32,33,40,,,,,
24,15,18,19,30,36,38,,,,,
25,11,32,34,37,40,43,,,,,
26,3,4,11,12,13,43,,,,,
27,4,8,20,30,33,38,,,,,
28,6,11,15,20,31,41,,,,,
29,8,12,20,35,37,40,,,,,
30,4,16,17,19,26,37,,,,,
31,7,18,22,25,28,43,,,,,
32,3,6,7,23,29,41,,,,,
33,8,17,22,25,29,41,,,,,
34,2,20,25,30,37,40,,,,,
35,3,5,13,30,32,41,,,,,
36,1,16,20,23,30,40,,,,,
37,3,5,9,17,21,41,,,,,
38,2,9,26,27,34,43,,,,,
39,10,18,22,25,39,42,,,,,
40,5,17,25,34,38,39,,,,,
41,18,21,27,33,36,38,,,,,
42,4,15,21,24,33,37,,,,,
43,1,2,3,15,24,26,,,,,
44,3,16,24,31,34,42,,,,,
45,7,9,28,32,36,38,,,,,
46,11,14,21,24,25,42,,,,,
47,3,11,14,25,27,31,,,,,
48,2,5,28,30,33,40,,,,,
49,2,13,21,31,32,41,,,,,
50,5,13,15,25,27,39,,,,,
51,7,15,24,37,38,41,,,,,
52,1,16,24,25,36,42,,,,,
53,2,15,23,37,40,43,,,,,
54,14,25,26,31,37,42,,,,,
55,11,12,13,14,37,39,,,,,
56,10,13,25,31,32,42,,,,,
57,2,14,22,27,35,42,,,,,
58,4,8,9,13,16,25,,,,,
59,9,15,17,30,32,41,,,,,
60,20,21,23,28,30,42,,,,,
61,4,8,22,25,27,28,,,,,
62,2,3,9,12,15,30,,,,,
63,11,16,20,28,34,40,,,,,
64,2,14,19,22,32,41,,,,,
65,2,10,22,23,31,43,,,,,
66,7,15,17,30,33,35,,,,,
67,1,4,6,11,18,25,,,,,
68,16,23,30,35,37,39,,,,,
69,1,9,31,35,40,41,,,,,
70,6,11,20,23,24,31,,,,,
71,1,10,11,13,19,20,,,,,
72,10,12,24,29,33,37,,,,,
73,1,6,15,19,27,36,,,,,
74,3,14,27,28,40,43,,,,,
75,2,4,9,19,23,31,,,,,
76,1,10,12,16,20,35,,,,,
77,5,10,15,28,37,38,,,,,
78,5,14,23,32,33,43,,,,,
79,20,22,27,32,36,43,,,,,
80,1,4,12,16,19,34,,,,,
81,1,11,15,23,26,27,,,,,
82,10,12,19,25,26,39,,,,,
83,1,16,21,28,35,37,,,,,
84,17,19,26,28,35,37,,,,,
85,5,13,18,22,23,32,,,,,
86,3,7,16,24,29,36,,,,,
87,3,8,12,36,39,41,,,,,
88,5,6,8,20,21,26,,,,,
89,3,13,23,30,35,43,,,,,
90,13,15,17,18,30,32,,,,,
91,13,15,17,26,41,43,,,,,
92,5,17,20,24,28,40,,,,,
93,10,23,33,36,37,41,,,,,
94,11,16,17,18,29,40,,,,,
95,2,3,12,15,25,27,,,,,
96,1,13,15,34,36,43,,,,,
97,4,10,17,34,35,42,,,,,
98,7,16,34,37,38,39,,,,,
99,5,9,12,28,29,39,,,,,
100,6,8,11,14,31,33,,,,,
101,21,27,29,30,36,40,,,,,
102,4,5,18,27,35,36,,,,,
103,1,16,17,27,29,34,,,,,
104,1,11,17,26,28,35,,,,,
105,1,9,14,22,25,34,,,,,
106,8,11,21,22,25,27,,,,,
107,4,5,11,12,28,32,,,,,
108,9,22,23,25,34,37,,,,,
109,2,5,12,18,30,41,,,,,
110,5,6,8,19,37,41,,,,,
111,11,15,21,31,32,43,,,,,
112,16,18,23,25,29,30,,,,,
113,3,17,27,29,30,42,,,,,
114,7,13,14,29,38,42,,,,,
115,8,9,11,27,37,39,,,,,
116,8,10,15,16,26,31,,,,,
117,5,7,19,20,38,43,,,,,
118,9,13,21,30,32,37,,,,,
119,3,4,11,12,15,30,,,,,
120,15,18,22,25,36,40,,,,,
121,3,8,10,22,28,41,,,,,
122,19,20,21,25,33,42,,,,,
123,14,21,26,28,29,31,,,,,
124,4,17,23,30,39,40,,,,,
125,11,15,19,30,36,41,,,,,
126,5,6,9,10,21,38,,,,,
127,14,16,21,26,37,40,,,,,
128,6,10,18,20,29,39,,,,,
129,6,18,25,26,30,42,,,,,
130,22,30,31,34,38,39,,,,,
131,6,30,33,34,40,43,,,,,
132,3,18,23,31,32,37,,,,,
133,17,24,26,35,40,41,,,,,
134,2,6,11,14,18,19,,,,,
135,7,13,30,33,35,36,,,,,
136,3,13,26,31,32,39,,,,,
137,10,13,20,22,25,42,,,,,
138,7,9,10,16,23,29,,,,,
139,10,21,22,28,37,41,,,,,
140,17,19,29,37,39,40,,,,,
141,8,9,14,24,32,39,,,,,
142,2,16,22,27,29,39,,,,,
143,17,21,22,27,33,41,,,,,
144,1,16,19,33,38,41,,,,,
145,1,4,10,21,23,38,,,,,
146,7,17,27,36,37,39,,,,,
147,16,18,20,29,30,38,,,,,
148,3,16,18,20,28,29,,,,,
149,8,9,13,20,33,37,,,,,
150,10,11,18,20,31,43,,,,,
151,3,8,17,25,28,32,,,,,
152,4,8,12,16,31,33,,,,,
153,4,7,8,12,25,26,,,,,
154,7,9,18,26,27,38,,,,,
155,5,6,7,18,22,27,,,,,
156,6,20,22,29,30,35,,,,,
157,5,8,17,19,25,27,,,,,
158,1,6,12,35,37,38,,,,,
159,12,23,30,31,38,42,,,,,
160,4,10,20,30,31,32,,,,,
161,23,26,28,33,38,42,,,,,
162,3,22,25,30,33,37,,,,,
163,2,3,11,17,24,34,,,,,
164,1,2,13,14,35,38,,,,,
165,9,11,16,21,25,36,,,,,
166,14,18,20,28,34,38,,,,,
167,10,14,17,19,29,42,,,,,
168,1,6,31,32,36,39,,,,,
169,3,15,17,19,26,36,,,,,
170,10,12,15,17,30,31,,,,,
171,5,6,17,23,32,33,,,,,
172,10,11,22,23,33,34,,,,,
173,6,10,22,30,31,35,,,,,
174,2,9,16,36,38,42,,,,,
175,2,3,10,22,28,40,,,,,
176,8,19,25,31,34,37,,,,,
177,6,18,19,30,36,41,,,,,
178,10,22,27,30,36,39,,,,,
179,3,6,11,13,15,16,,,,,
180,4,10,11,12,20,36,,,,,
181,1,2,7,21,29,30,,,,,
182,22,23,28,37,40,43,,,,,
183,14,29,31,36,38,40,,,,,
184,5,7,23,31,39,42,,,,,
185,8,13,14,18,35,41,,,,,
186,7,16,18,33,36,41,,,,,
187,12,21,22,27,39,40,,,,,
188,3,8,18,25,26,39,,,,,
189,3,32,35,36,39,40,,,,,
190,17,23,30,31,39,43,,,,,
191,4,7,25,27,34,43,,,,,
192,3,7,19,27,39,41,,,,,
193,3,4,18,31,40,43,,,,,
194,4,11,12,21,36,38,,,,,
195,5,10,12,22,26,41,,,,,
196,4,5,11,16,30,33,,,,,
197,9,10,17,22,28,30,,,,,
198,4,5,6,17,20,42,,,,,
199,3,14,24,25,33,36,,,,,
200,4,7,11,19,25,28,,,,,
201,10,13,16,17,24,39,,,,,
202,9,18,26,28,33,40,,,,,
203,12,18,20,27,35,37,,,,,
204,2,17,20,25,39,42,,,,,
205,4,7,9,16,18,34,,,,,
206,1,3,16,22,41,43,,,,,
207,17,21,23,30,31,34,,,,,
208,18,24,29,32,35,39,,,,,
209,8,27,30,35,40,41,,,,,
210,1,6,21,22,37,40,,,,,
211,10,14,23,26,33,36,,,,,
212,1,11,17,32,35,39,,,,,
213,4,7,18,26,29,43,,,,,
214,4,7,9,11,20,36,,,,,
215,1,4,13,18,22,31,,,,,
216,9,21,29,33,35,41,,,,,
217,8,19,23,27,29,39,,,,,
218,8,10,18,22,31,36,,,,,
219,27,28,29,34,35,39,,,,,
220,23,25,26,29,33,37,,,,,
221,8,27,30,31,38,42,,,,,
222,4,14,15,22,29,31,,,,,
223,7,9,19,26,30,32,,,,,
224,12,17,18,19,30,35,,,,,
225,9,11,21,31,35,38,,,,,
226,8,26,36,40,42,43,,,,,
227,6,13,17,29,32,36,,,,,
228,5,8,17,26,36,39,,,,,
229,8,16,21,24,27,36,,,,,
230,4,9,18,31,36,42,,,,,
231,1,4,6,16,18,43,,,,,
232,1,5,7,26,39,43,,,,,
233,6,18,26,40,41,42,,,,,
234,11,17,24,26,27,30,,,,,
235,6,21,23,24,28,39,,,,,
236,1,8,9,14,34,38,,,,,
237,1,3,11,13,27,37,,,,,
238,5,10,15,20,33,37,,,,,
239,4,9,18,30,31,40,,,,,
240,11,15,26,31,36,39,,,,,
241,8,14,27,33,36,40,,,,,
242,1,10,13,22,29,32,,,,,
243,5,34,35,38,42,43,,,,,
244,11,12,30,36,38,39,,,,,
245,3,6,18,24,28,36,,,,,
246,16,28,32,34,39,42,,,,,
247,8,16,30,32,34,39,,,,,
248,11,32,35,36,39,41,,,,,
249,1,3,17,23,33,35,,,,,
250,3,8,9,13,22,42,,,,,
251,2,12,19,25,29,36,,,,,
252,2,6,13,22,32,33,,,,,
253,15,16,19,22,36,43,,,,,
254,12,13,22,23,25,29,,,,,
255,6,7,12,17,34,42,,,,,
256,15,17,18,28,30,37,,,,,
257,7,15,29,30,39,40,,,,,
258,3,15,16,17,25,31,,,,,
259,1,12,15,23,34,42,,,,,
260,11,15,21,31,37,41,,,,,
261,6,17,18,21,35,41,,,,,
262,5,7,11,19,21,25,,,,,
263,1,5,13,22,39,41,,,,,
264,2,5,6,8,20,27,,,,,
265,2,3,16,22,23,28,,,,,
266,11,15,18,24,30,39,,,,,
267,3,5,8,22,35,38,,,,,
268,3,6,8,14,24,36,,,,,
269,1,10,13,15,21,23,,,,,
270,17,19,21,29,33,38,,,,,
271,9,10,19,25,40,41,,,,,
272,7,12,13,20,23,26,,,,,
273,4,18,20,21,29,40,,,,,
274,4,5,14,27,31,39,,,,,
275,4,13,15,31,33,40,,,,,
276,6,11,27,30,33,36,,,,,
277,7,9,18,20,30,38,,,,,
278,9,13,14,17,22,38,,,,,
279,7,11,12,23,30,43,,,,,
280,6,12,26,37,38,39,,,,,
281,3,9,10,11,19,35,,,,,
282,1,9,17,31,41,43,,,,,
283,6,9,16,22,27,37,,,,,
284,20,26,30,33,35,38,,,,,
285,1,3,9,14,16,29,,,,,
286,10,11,14,28,31,41,,,,,
287,1,5,18,34,35,39,,,,,
288,3,4,11,25,28,33,,,,,
289,7,9,12,17,34,38,,,,,
290,11,13,15,17,22,43,,,,,
291,10,15,20,28,41,43,,,,,
292,7,14,27,31,34,39,,,,,
293,6,8,15,17,36,43,,,,,
294,2,5,13,14,17,20,,,,,
295,9,12,18,20,37,43,,,,,
296,4,19,27,30,31,37,,,,,
297,6,8,9,20,38,40,,,,,
298,12,25,29,31,35,40,,,,,
299,2,4,5,17,35,41,,,,,
300,4,7,29,33,36,39,,,,,
301,4,5,6,9,10,11,,,,,
302,2,4,13,23,38,40,,,,,
303,4,24,31,35,37,39,,,,,
304,3,7,8,15,17,31,,,,,
305,1,2,5,23,31,34,,,,,
306,1,20,25,28,31,42,,,,,
307,1,7,11,32,33,40,,,,,
308,3,13,18,20,23,28,,,,,
309,1,4,26,36,41,42,,,,,
310,3,4,5,18,28,37,,,,,
311,1,16,22,36,37,42,,,,,
312,2,17,22,29,38,42,,,,,
313,1,19,21,31,32,40,,,,,
314,3,8,14,30,38,43,,,,,
315,1,2,17,24,40,41,,,,,
316,3,4,20,30,40,41,,,,,
317,7,8,15,30,35,36,,,,,
318,2,7,13,16,36,37,,,,,
319,15,20,23,28,37,40,,,,,
320,1,5,25,27,38,41,,,,,
321,21,29,31,36,38,41,,,,,
322,18,19,22,25,35,42,,,,,
323,9,11,21,23,33,39,,,,,
324,5,13,27,37,39,41,,,,,
325,6,7,18,29,33,39,,,,,
326,1,7,9,14,23,43,,,,,
327,6,12,14,28,31,36,,,,,
328,3,7,10,12,19,36,,,,,
329,6,8,15,17,39,40,,,,,
330,5,12,16,19,28,39,,,,,
331,2,8,17,24,32,38,,,,,
332,7,8,16,24,26,34,,,,,
333,1,5,7,15,41,42,,,,,
334,11,14,17,18,34,36,,,,,
335,4,5,10,23,36,42,,,,,
336,3,6,13,17,20,29,,,,,
337,5,15,16,20,34,39,,,,,
338,8,10,25,31,39,40,,,,,
339,3,5,9,26,34,36,,,,,
340,4,10,13,31,35,42,,,,,
341,4,14,23,25,28,35,,,,,
342,8,15,26,27,34,38,,,,,
343,13,28,29,37,38,41,,,,,
344,8,11,16,20,28,36,,,,,
345,10,21,22,25,35,37,,,,,
346,4,9,11,12,32,38,,,,,
347,8,20,23,27,32,33,,,,,
348,4,5,6,27,36,38,,,,,
349,8,13,15,19,20,30,,,,,
350,13,18,25,26,29,40,,,,,
351,3,13,16,24,26,43,,,,,
352,6,8,24,25,34,38,,,,,
353,1,9,15,16,22,26,,,,,
354,4,6,22,31,34,41,,,,,
355,1,11,24,26,36,37,,,,,
356,1,5,8,12,17,29,,,,,
357,2,10,11,12,19,38,,,,,
358,12,31,32,34,39,42,,,,,
359,3,5,19,20,23,27,,,,,
360,2,3,6,14,26,42,,,,,
361,1,21,28,30,37,43,,,,,
362,7,10,15,20,37,40,,,,,
363,3,6,7,22,27,31,,,,,
364,7,11,12,19,33,42,,,,,
365,6,19,20,28,36,37,,,,,
366,12,13,15,18,30,41,,,,,
367,10,13,17,38,41,43,,,,,
368,7,10,18,21,33,35,,,,,
369,3,9,12,16,18,37,,,,,
370,2,11,13,15,16,32,,,,,
371,14,15,23,24,32,34,,,,,
372,7,19,28,33,35,39,,,,,
373,7,14,15,19,35,43,,,,,
374,4,24,25,26,27,34,,,,,
375,7,9,14,17,36,37,,,,,
376,20,21,25,27,34,38,,,,,
377,2,3,8,20,21,24,,,,,
378,11,13,19,26,36,43,,,,,
379,8,13,15,21,33,34,,,,,
380,17,22,25,26,27,43,,,,,
381,4,13,15,22,39,41,,,,,
382,2,6,15,28,29,43,,,,,
383,7,12,17,18,24,28,,,,,
384,17,19,20,22,33,41,,,,,
385,6,31,34,35,37,40,,,,,
386,2,9,11,15,23,25,,,,,
387,12,16,19,27,30,32,,,,,
388,5,12,14,18,20,31,,,,,
389,6,12,22,25,31,35,,,,,
390,5,16,17,22,39,43,,,,,
391,8,20,23,24,29,38,,,,,
392,10,15,18,30,31,37,,,,,
393,7,18,27,37,38,43,,,,,
394,14,27,28,31,37,40,,,,,
395,15,21,26,28,42,43,,,,,
396,9,12,21,26,33,40,,,,,
397,15,16,23,30,39,43,,,,,
398,2,31,36,37,39,43,,,,,
399,1,14,17,28,31,37,,,,,
400,4,9,19,22,23,33,,,,,
401,14,15,27,34,35,42,,,,,
402,3,18,23,24,29,33,,,,,
403,8,10,13,20,24,33,,,,,
404,3,10,14,18,26,43,,,,,
405,6,13,19,20,30,31,,,,,
406,1,2,4,16,36,37,,,,,
407,11,18,19,30,37,39,,,,,
408,12,20,23,28,31,32,,,,,
409,6,13,17,27,28,36,,,,,
410,2,12,16,20,42,43,,,,,
411,2,4,6,24,35,39,,,,,
412,2,6,7,9,16,19,,,,,
413,2,14,15,26,35,37,,,,,
414,1,2,4,5,9,25,,,,,
415,9,28,33,34,37,43,,,,,
416,12,15,22,24,29,37,,,,,
417,3,20,23,30,31,37,,,,,
418,3,12,16,25,32,36,,,,,
419,5,8,16,25,26,30,,,,,
420,14,19,21,28,29,31,,,,,
421,2,6,8,10,25,34,,,,,
422,5,6,7,8,28,38,,,,,
423,1,2,3,30,35,36,,,,,
424,3,13,17,25,40,41,,,,,
425,2,3,12,20,34,43,,,,,
426,6,8,9,29,32,37,,,,,
427,5,12,13,33,39,42,,,,,
428,8,16,18,35,42,43,,,,,
429,17,25,29,33,37,42,,,,,
430,1,8,18,26,34,42,,,,,
431,1,5,19,20,35,41,,,,,
432,8,20,23,24,42,43,,,,,
433,3,9,11,24,26,34,,,,,
434,3,12,19,33,35,36,,,,,
435,2,11,12,28,35,37,,,,,
436,4,12,21,22,27,38,,,,,
437,2,5,11,21,23,43,,,,,
438,3,9,16,17,20,31,,,,,
439,11,14,20,28,32,41,,,,,
440,9,23,29,30,31,39,,,,,
441,10,18,33,34,39,41,,,,,
442,2,23,26,35,41,42,,,,,
443,6,10,21,22,23,35,,,,,
444,5,13,16,18,24,32,,,,,
445,10,20,23,26,37,40,,,,,
446,3,8,17,26,27,36,,,,,
447,15,23,29,36,42,43,,,,,
448,9,23,32,35,39,42,,,,,
449,19,20,21,23,27,32,,,,,
450,15,20,21,32,40,42,,,,,
451,6,14,16,19,26,39,,,,,
452,1,5,25,27,29,40,,,,,
453,7,17,19,27,35,40,,,,,
454,2,16,18,27,42,43,,,,,
455,11,20,26,28,30,43,,,,,
456,3,7,15,25,30,39,,,,,
457,10,12,27,32,34,43,,,,,
458,1,18,27,30,36,40,,,,,
459,11,13,27,31,37,43,,,,,
460,18,22,23,32,35,40,,,,,
461,8,10,13,30,32,42,,,,,
462,2,4,6,16,31,33,,,,,
463,10,13,16,25,30,42,,,,,
464,10,21,22,25,27,37,,,,,
465,6,24,27,30,32,38,,,,,
466,1,4,19,28,34,40,,,,,
467,18,19,20,24,32,43,,,,,
468,9,17,26,30,34,40,,,,,
469,10,12,20,35,40,43,,,,,
470,1,11,17,23,38,43,,,,,
471,2,13,14,22,23,32,,,,,
472,10,17,28,30,36,42,,,,,
473,6,16,17,22,34,37,,,,,
474,12,15,19,25,28,41,,,,,
475,5,9,10,27,33,42,,,,,
476,7,17,22,30,36,40,,,,,
477,12,14,16,18,38,41,,,,,
478,11,14,23,30,31,38,,,,,
479,5,7,14,17,20,27,,,,,
480,2,5,17,18,35,38,,,,,
481,2,9,11,24,25,34,,,,,
482,4,30,31,36,37,38,,,,,
483,2,8,15,24,33,35,,,,,
484,13,19,25,29,32,35,,,,,
485,14,26,30,33,34,39,,,,,
486,16,25,27,29,34,41,,,,,
487,2,6,8,19,22,34,,,,,
488,5,15,29,34,39,42,,,,,
489,6,8,12,30,33,43,,,,,
490,5,9,13,28,34,40,,,,,
491,7,9,20,27,31,34,,,,,
492,1,8,12,20,23,37,,,,,
493,8,26,30,36,41,42,,,,,
494,8,16,19,23,26,31,,,,,
495,4,6,20,21,29,33,,,,,
496,2,6,11,29,32,41,,,,,
497,6,12,14,17,36,40,,,,,
498,1,25,36,41,42,43,,,,,
499,3,9,15,16,22,35,,,,,
500,6,20,28,31,34,38,,,,,
501,3,17,21,23,36,38,,,,,
502,9,12,27,28,29,41,,,,,
503,1,18,25,27,28,39,,,,,
504,12,21,22,27,29,31,,,,,
505,19,21,27,33,34,43,,,,,
506,5,11,21,27,37,39,,,,,
507,5,14,19,21,28,31,,,,,
508,1,7,14,15,24,42,,,,,
509,3,4,12,18,27,28,,,,,
510,12,15,26,35,41,43,,,,,
511,4,22,23,27,38,43,,,,,
512,14,20,23,25,33,39,,,,,
513,1,6,12,14,15,19,,,,,
514,6,7,14,15,19,41,,,,,
515,2,3,23,25,33,35,,,,,
516,2,14,16,17,29,30,,,,,
517,6,10,13,14,28,37,,,,,
518,14,31,34,35,40,42,,,,,
519,1,13,25,29,30,33,,,,,
520,2,4,12,14,26,43,,,,,
521,1,8,15,21,23,30,,,,,
522,3,6,16,23,25,43,,,,,
523,7,8,26,27,41,43,,,,,
524,7,11,14,18,35,40,,,,,
525,1,11,17,28,33,38,,,,,
526,8,14,18,19,26,27,,,,,
527,5,7,12,23,39,41,,,,,
528,2,5,12,21,28,32,,,,,
529,6,19,21,24,31,41,,,,,
530,1,10,19,30,33,36,,,,,
531,5,12,16,24,26,33,,,,,
532,23,28,33,35,37,42,,,,,
533,6,16,24,31,41,43,,,,,
534,1,2,19,22,26,37,,,,,
535,6,14,23,24,27,32,,,,,
536,4,10,12,14,23,36,,,,,
537,10,18,22,24,26,37,,,,,
538,2,11,14,23,26,33,,,,,
539,3,10,13,17,18,28,,,,,
540,15,23,29,35,36,41,,,,,
541,3,4,5,28,34,43,,,,,
542,10,14,23,35,38,41,,,,,
543,15,17,18,19,22,31,,,,,
544,11,14,16,32,41,42,,,,,
545,16,21,24,28,32,36,,,,,
546,1,14,30,34,40,43,,,,,
547,6,10,11,30,32,39,,,,,
548,12,13,16,28,29,35,,,,,
549,5,14,27,29,32,33,,,,,
550,12,15,19,32,36,42,,,,,
551,15,16,19,21,26,42,,,,,
552,13,22,26,30,40,41,,,,,
553,3,9,11,15,27,37,,,,,
554,16,27,34,35,36,38,,,,,
555,2,3,7,9,36,42,,,,,
556,6,9,13,17,29,30,,,,,
557,6,18,23,32,38,43,,,,,
558,4,32,33,38,41,43,,,,,
559,2,7,16,25,26,43,,,,,
560,4,17,19,37,39,42,,,,,
561,4,14,30,35,40,41,,,,,
562,9,10,11,25,30,37,,,,,
563,4,5,26,28,34,38,,,,,
564,3,12,18,24,34,39,,,,,
565,3,6,8,21,28,32,,,,,
566,10,17,18,29,30,41,,,,,
567,7,13,17,23,28,34,,,,,
568,7,10,15,31,32,42,,,,,
569,4,19,21,25,28,40,,,,,
570,2,4,10,28,38,43,,,,,
571,6,20,21,23,33,38,,,,,
572,10,12,18,38,42,43,,,,,
573,3,5,21,30,37,38,,,,,
574,4,11,16,20,26,43,,,,,
575,4,11,17,21,23,30,,,,,
576,8,9,21,24,29,37,,,,,
577,3,12,29,31,36,37,,,,,
578,16,22,23,27,33,37,,,,,
579,6,8,17,19,23,42,,,,,
580,12,15,17,25,35,43,,,,,
581,5,22,28,29,35,39,,,,,
582,7,10,14,25,32,38,,,,,
583,2,12,17,18,40,43,,,,,
584,10,11,24,26,37,38,,,,,
585,1,28,32,34,41,42,,,,,
586,6,7,10,23,36,42,,,,,
587,10,12,18,27,33,40,,,,,
588,8,13,18,33,34,36,,,,,
589,1,9,10,28,41,42,,,,,
590,20,24,25,27,32,37,,,,,
591,1,13,16,22,27,33,,,,,
592,12,14,22,23,34,41,,,,,
593,2,10,16,26,29,30,,,,,
594,4,5,15,30,34,38,,,,,
595,1,5,15,22,39,40,,,,,
596,2,13,17,24,29,34,,,,,
597,3,4,7,13,16,23,,,,,
598,6,10,15,21,36,41,,,,,
599,1,2,8,13,27,39,,,,,
600,3,20,23,24,28,35,,,,,
601,6,22,25,26,30,39,,,,,
602,8,13,15,18,24,41,,,,,
603,3,8,18,21,23,42,,,,,
604,9,15,20,22,28,43,,,,,
605,1,4,13,25,38,43,,,,,
606,8,15,24,26,35,42,,,,,
607,2,3,8,12,20,21,,,,,
608,4,6,16,17,18,26,,,,,
609,18,24,36,37,39,41,,,,,
610,2,5,12,23,26,41,,,,,
611,10,12,14,24,34,39,,,,,
612,7,18,31,32,39,40,,,,,
613,2,6,18,26,32,37,,,,,
614,2,6,22,25,31,42,,,,,
615,6,16,24,32,36,43,,,,,
616,4,7,18,19,24,35,,,,,
617,5,8,18,28,34,35,,,,,
618,4,15,21,31,35,42,,,,,
619,2,11,29,31,33,38,,,,,
620,7,10,13,19,31,38,,,,,
621,6,15,16,28,36,40,,,,,
622,7,16,18,20,27,36,,,,,
623,7,8,16,35,39,42,,,,,
624,4,8,12,22,25,30,,,,,
625,5,17,26,37,39,42,,,,,
626,6,13,14,22,26,28,,,,,
627,2,4,7,19,34,42,,,,,
628,7,13,15,18,29,38,,,,,
629,6,16,21,30,34,43,,,,,
630,3,7,13,18,19,41,,,,,
631,2,5,7,10,36,40,,,,,
632,3,4,14,21,22,25,,,,,
633,7,9,11,14,15,18,,,,,
634,8,10,13,15,20,40,,,,,
635,8,11,12,15,41,43,,,,,
636,2,12,21,23,24,26,,,,,
637,7,12,16,28,31,34,,,,,
638,6,11,19,28,35,40,,,,,
639,1,16,20,24,33,34,,,,,
640,3,11,18,20,33,39,,,,,
641,3,14,21,24,26,29,,,,,
642,8,13,14,21,33,41,,,,,
643,2,6,21,31,35,37,,,,,
644,4,14,22,23,26,42,,,,,
645,3,10,12,32,33,43,,,,,
646,9,12,14,24,28,33,,,,,
647,2,7,15,22,36,43,,,,,
648,22,26,27,28,36,43,,,,,
649,14,22,29,33,36,40,,,,,
650,12,31,34,40,41,43,,,,,
651,4,15,17,34,38,40,,,,,
652,1,10,16,19,20,39,,,,,
653,13,21,22,26,29,36,,,,,
654,12,18,21,29,32,38,,,,,
655,5,10,23,26,28,29,,,,,
656,2,8,13,17,25,37,,,,,
657,3,20,29,33,34,40,,,,,
658,14,24,32,40,41,42,,,,,
659,21,30,35,39,41,42,,,,,
660,8,20,31,36,37,38,,,,,
661,6,9,17,20,33,40,,,,,
662,12,31,32,34,36,40,,,,,
663,13,18,21,30,33,40,,,,,
664,2,8,11,12,26,29,,,,,
665,13,22,27,29,36,37,,,,,
666,2,6,28,30,31,41,,,,,
667,21,31,34,37,39,40,,,,,
668,7,13,20,27,34,35,,,,,
669,4,6,10,17,24,33,,,,,
670,1,4,7,25,32,41,,,,,
671,5,10,14,16,23,38,,,,,
672,1,5,23,24,36,43,,,,,
673,2,6,16,27,28,29,,,,,
674,8,11,15,22,40,41,,,,,
675,8,10,15,21,24,34,,,,,
676,2,8,20,33,38,42,,,,,
677,4,11,22,31,32,35,,,,,
678,8,24,25,29,32,40,,,,,
679,4,5,7,37,41,42,,,,,
680,8,9,23,34,38,41,,,,,
681,1,11,13,30,37,41,,,,,
682,3,5,7,18,19,41,,,,,
683,16,24,29,32,35,38,,,,,
684,6,7,13,18,27,33,,,,,
685,12,23,27,32,39,43,,,,,
686,21,24,26,35,37,38,,,,,
687,16,20,27,33,40,42,,,,,
688,9,12,16,33,34,35,,,,,
689,6,8,12,17,24,31,,,,,
690,7,8,10,21,34,38,,,,,
691,4,7,8,15,16,42,,,,,
692,9,10,12,19,21,42,,,,,
693,4,14,18,22,32,35,,,,,
694,8,23,27,31,38,40,,,,,
695,4,7,11,12,13,19,,,,,
696,2,10,14,19,36,39,,,,,
697,2,12,14,18,40,41,,,,,
698,5,20,21,26,30,33,,,,,
699,12,13,21,25,29,32,,,,,
700,1,8,17,24,33,35,,,,,
701,20,22,24,32,36,39,,,,,
702,1,20,23,37,38,40,,,,,
703,20,24,27,28,38,41,,,,,
704,7,10,16,18,19,37,,,,,
705,14,15,16,18,20,33,,,,,
706,2,8,29,31,34,37,,,,,
707,8,15,21,32,40,41,,,,,
708,2,13,20,22,25,38,,,,,
709,1,11,13,29,37,39,,,,,
710,4,5,9,20,33,37,,,,,
711,5,11,15,24,34,39,,,,,
712,2,5,8,9,14,25,,,,,
713,19,20,21,24,25,26,,,,,
714,2,14,26,28,29,42,,,,,
715,5,10,12,25,28,31,,,,,
716,5,7,14,24,25,35,,,,,
717,13,14,16,21,29,42,,,,,
718,15,20,27,29,33,43,,,,,
719,11,14,27,31,34,42,,,,,
720,25,26,27,28,35,38,,,,,
721,1,14,23,24,27,40,,,,,
722,6,11,32,34,35,39,,,,,
723,16,27,28,36,39,42,,,,,
724,4,9,32,37,38,39,,,,,
725,5,6,7,20,31,41,,,,,
726,13,21,30,31,37,40,,,,,
727,3,24,26,27,39,41,,,,,
728,10,15,22,23,38,42,,,,,
729,2,10,16,18,27,42,,,,,
730,10,15,21,22,33,35,,,,,
731,6,7,23,25,38,42,,,,,
732,20,33,35,36,37,38,,,,,
733,5,13,14,26,37,38,,,,,
734,10,19,22,27,29,39,,,,,
735,5,12,19,22,32,39,,,,,
736,2,14,17,19,38,43,,,,,
737,6,10,21,24,27,39,,,,,
738,14,21,22,32,33,41,,,,,
739,11,13,18,20,28,38,,,,,
740,8,9,15,26,37,40,,,,,
741,8,11,15,29,36,43,,,,,
742,2,12,13,14,22,35,,,,,
743,3,4,8,10,14,37,,,,,
744,2,5,12,14,30,42,,,,,
745,8,12,16,23,33,34,,,,,
746,6,9,10,29,31,35,,,,,
747,8,19,20,23,24,35,,,,,
748,2,14,16,27,28,30,,,,,
749,7,8,11,13,23,40,,,,,
750,4,6,13,16,18,39,,,,,
751,13,16,21,25,31,38,,,,,
752,3,5,13,18,22,37,,,,,
753,2,4,11,15,20,38,,,,,
754,16,27,33,35,39,41,,,,,
755,10,16,20,25,29,39,,,,,
756,8,10,24,26,27,28,,,,,
757,4,10,14,19,35,38,,,,,
758,11,19,20,25,38,40,,,,,
759,14,22,25,28,37,41,,,,,
760,3,4,6,15,32,40,,,,,
761,8,10,11,12,20,40,,,,,
762,6,8,9,20,24,27,,,,,
763,6,8,10,21,39,42,,,,,
764,6,7,24,34,42,43,,,,,
765,4,14,17,22,26,41,,,,,
766,6,10,12,32,37,39,,,,,
767,2,6,11,27,29,37,,,,,
768,1,8,19,25,32,38,,,,,
769,1,2,4,16,17,38,,,,,
770,17,19,21,22,36,37,,,,,
771,15,21,31,32,33,34,,,,,
772,7,11,16,19,20,23,,,,,
773,4,7,10,11,12,32,,,,,
774,2,4,9,13,16,33,,,,,
775,1,2,21,22,37,38,,,,,
776,2,8,14,23,28,42,,,,,
777,15,16,23,29,37,39,,,,,
778,5,11,17,24,35,41,,,,,
779,10,13,27,34,36,39,,,,,
780,6,7,12,26,39,43,,,,,
781,5,6,15,23,40,43,,,,,
782,19,21,23,24,27,43,,,,,
783,9,14,22,24,25,32,,,,,
784,1,9,23,29,37,41,,,,,
785,1,9,18,20,24,29,,,,,
786,10,11,17,31,35,39,,,,,
787,4,5,13,21,33,34,,,,,
788,2,8,13,27,31,32,,,,,
789,12,17,29,32,38,40,,,,,
790,9,13,19,27,34,38,,,,,
791,1,10,22,24,34,37,,,,,
792,1,7,14,25,37,43,,,,,
793,10,13,14,19,26,43,,,,,
794,15,22,25,29,34,42,,,,,
795,13,19,24,28,33,38,,,,,
796,1,7,11,14,22,34,,,,,
797,1,4,13,18,23,39,,,,,
798,1,3,5,25,39,41,,,,,
799,4,6,8,10,19,28,,,,,
800,8,12,22,23,25,35,,,,,
801,2,18,19,20,25,31,,,,,
802,9,13,18,19,25,30,,,,,
803,9,29,33,34,35,41,,,,,
804,6,20,23,25,31,33,,,,,
805,2,14,19,22,24,43,,,,,
806,3,16,19,25,39,40,,,,,
807,1,6,12,20,22,23,,,,,
808,13,18,22,28,41,42,,,,,
809,2,11,20,31,32,37,,,,,
810,3,31,32,38,39,40,,,,,
811,2,6,20,24,31,40,,,,,
812,1,12,15,26,34,40,,,,,
813,9,10,12,13,28,38,,,,,
814,4,7,15,23,38,42,,,,,
815,1,2,6,24,25,41,,,,,
816,5,14,19,24,27,37,,,,,
817,16,21,27,32,34,43,,,,,
818,5,21,24,34,37,38,,,,,
819,10,19,23,25,30,40,,,,,
820,1,11,19,28,39,43,,,,,
821,7,10,12,34,40,43,,,,,
822,6,11,15,24,27,33,,,,,
823,5,6,23,30,37,38,,,,,
824,16,19,26,27,29,32,,,,,
825,6,10,12,16,39,40,,,,,
826,5,15,22,24,29,36,,,,,
827,2,4,23,24,33,41,,,,,
828,2,9,10,24,25,43,,,,,
829,2,3,23,32,36,39,,,,,
830,5,6,9,18,28,40,,,,,
831,3,4,7,13,22,31,,,,,
832,19,24,27,31,32,33,,,,,
833,5,6,13,20,22,28,,,,,
834,4,17,27,39,41,42,,,,,
835,5,9,10,28,39,40,,,,,
836,7,11,31,34,38,43,,,,,
837,5,17,34,37,39,42,,,,,
838,12,28,32,36,38,43,,,,,
839,1,3,5,12,13,38,,,,,
840,3,4,17,24,27,34,,,,,
841,8,22,24,28,31,36,,,,,
842,8,11,17,26,33,43,,,,,
843,3,7,8,26,42,43,,,,,
844,2,5,18,27,35,38,,,,,
845,2,12,13,22,24,34,,,,,
846,9,14,18,28,30,33,,,,,
847,9,10,23,31,35,36,,,,,
848,6,7,13,15,35,39,,,,,
849,1,3,4,10,15,40,,,,,
850,2,11,30,32,38,41,,,,,
851,5,8,14,20,26,27,,,,,
852,3,17,22,23,27,40,,,,,
853,2,9,22,26,31,35,,,,,
854,4,11,14,18,25,37,,,,,
855,10,13,15,25,37,42,,,,,
856,10,24,32,34,38,40,,,,,
857,1,3,6,17,28,42,,,,,
858,3,14,29,32,33,42,,,,,
859,1,12,15,17,21,36,,,,,
860,14,16,32,35,38,41,,,,,
861,4,17,21,28,35,42,,,,,
862,5,10,16,34,36,39,,,,,
863,4,14,18,26,35,36,,,,,
864,19,21,24,28,32,40,,,,,
865,5,7,8,12,23,25,,,,,
866,1,3,10,21,29,43,,,,,
867,2,14,21,26,37,38,,,,,
868,5,18,19,26,31,43,,,,,
869,5,7,23,24,37,38,,,,,
870,1,11,14,21,23,39,,,,,
871,3,10,11,13,20,27,,,,,
872,6,10,17,18,19,24,,,,,
873,4,22,26,27,32,43,,,,,
874,2,8,21,27,33,37,,,,,
875,4,5,11,13,22,25,,,,,
876,11,12,18,25,35,39,,,,,
877,3,14,17,32,35,43,,,,,
878,5,14,16,22,25,40,,,,,
879,24,27,34,35,36,43,,,,,
880,1,8,11,16,25,32,,,,,
881,4,6,12,18,28,41,,,,,
882,5,15,23,26,30,36,,,,,
883,10,16,25,29,38,42,,,,,
884,2,7,25,26,38,42,,,,,
885,22,28,33,36,37,41,,,,,
886,7,10,13,23,34,39,,,,,
887,3,4,6,18,32,37,,,,,
888,2,4,9,36,37,39,,,,,
889,2,10,21,28,41,43,,,,,
890,1,4,6,14,28,31,,,,,
891,7,9,14,30,42,43,,,,,
892,14,19,31,35,40,43,,,,,
893,10,12,26,28,29,37,,,,,
894,4,5,9,20,21,32,,,,,
895,5,12,24,25,37,38,,,,,
896,5,6,21,27,32,38,,,,,
897,8,10,14,15,27,30,,,,,
898,13,17,21,25,29,37,,,,,
899,3,10,15,18,27,40,,,,,
900,8,12,21,22,31,35,,,,,
901,6,13,22,28,29,37,,,,,
902,11,21,26,31,32,33,,,,,
903,1,3,6,7,16,19,,,,,
904,2,4,6,15,21,41,,,,,
905,4,15,24,40,41,42,,,,,
906,6,9,12,13,30,40,,,,,
907,5,13,18,22,27,41,,,,,
908,6,14,21,22,23,30,,,,,
909,12,15,21,27,30,35,,,,,
910,11,12,13,17,25,33,,,,,
911,8,16,18,22,27,35,,,,,
912,5,14,19,20,32,42,,,,,
913,5,8,20,31,36,41,,,,,
914,2,3,26,33,36,40,,,,,
915,7,12,21,33,38,40,,,,,
916,6,14,25,27,38,43,,,,,
917,2,6,25,26,41,42,,,,,
918,10,15,25,29,34,36,,,,,
919,2,9,12,17,33,42,,,,,
920,9,17,27,30,35,38,,,,,
921,5,7,26,36,38,39,,,,,
922,4,6,19,32,33,38,,,,,
923,5,13,30,31,32,35,,,,,
924,13,20,24,32,35,42,,,,,
925,25,26,27,28,32,37,,,,,
926,16,26,32,35,37,39,,,,,
927,2,29,30,31,33,34,,,,,
928,1,21,23,26,31,33,,,,,
929,10,12,15,25,31,34,,,,,
930,10,12,37,39,40,43,,,,,
931,14,18,19,24,25,33,,,,,
932,4,15,30,37,42,43,,,,,
933,5,9,20,21,31,41,,,,,
934,3,7,16,17,20,32,,,,,
935,2,12,14,26,38,43,,,,,
936,1,3,12,16,20,35,,,,,
937,13,15,21,25,36,41,,,,,
938,5,9,12,19,30,35,,,,,
939,8,11,15,17,26,43,,,,,
940,1,18,28,31,35,37,,,,,
941,5,12,22,29,38,39,,,,,
942,2,3,14,27,28,38,,,,,
943,9,10,14,15,39,43,,,,,
944,7,20,25,29,33,37,,,,,
945,3,10,15,23,36,37,,,,,
946,2,9,12,16,31,36,,,,,
947,1,6,21,23,27,40,,,,,
948,7,16,17,28,39,43,,,,,
949,5,19,26,36,39,43,,,,,
950,2,6,16,24,30,41,,,,,
951,11,15,22,23,26,30,,,,,
952,10,16,22,25,31,39,,,,,
953,2,9,17,38,39,42,,,,,
954,3,23,24,28,29,42,,,,,
955,14,19,27,28,37,42,,,,,
956,1,4,6,22,24,38,,,,,
957,2,11,22,32,36,42,,,,,
958,9,18,23,24,26,30,,,,,
959,1,16,18,28,36,38,,,,,
960,5,18,23,32,35,39,,,,,
961,5,11,17,18,19,25,,,,,
962,4,6,10,24,32,37,,,,,
963,4,23,29,31,32,35,,,,,
964,2,21,23,29,30,43,,,,,
965,10,12,19,20,21,22,,,,,
966,10,22,31,34,36,43,,,,,
967,1,11,26,30,32,40,,,,,
968,6,10,15,20,23,26,,,,,
969,3,9,19,22,23,40,,,,,
970,2,4,18,23,31,38,,,,,
971,2,3,4,12,22,29,,,,,
972,2,7,17,18,21,40,,,,,
973,1,5,6,12,30,31,,,,,
974,2,3,29,30,32,43,,,,,
975,3,11,13,27,29,36,,,,,
976,6,13,22,28,42,43,,,,,
977,10,15,17,27,42,43,,,,,
978,3,11,19,30,38,42,,,,,
979,9,12,16,18,27,38,,,,,
980,15,20,23,35,38,42,,,,,
981,14,19,22,23,31,37,,,,,
982,15,19,21,22,29,40,,,,,
983,15,19,32,35,36,38,,,,,
984,14,23,24,28,37,38,,,,,
985,3,11,19,26,29,38,,,,,
986,4,11,17,30,36,43,,,,,
987,3,14,15,24,25,36,,,,,
988,5,6,10,22,34,41,,,,,
989,5,7,31,33,36,39,,,,,
990,4,12,16,27,28,41,,,,,
991,3,18,21,25,29,37,,,,,
992,4,6,8,22,27,38,,,,,
993,1,5,10,32,38,40,,,,,
994,18,22,29,31,39,43,,,,,
995,7,11,17,21,37,39,,,,,
996,1,3,14,26,27,42,,,,,
997,3,5,8,11,33,43,,,,,
998,1,3,12,19,26,29,,,,,
999,8,15,17,30,32,36,,,,,
1000,1,15,21,22,26,29,,,,,
1001,9,12,15,16,18,35,,,,,
1002,8,14,22,25,27,41,,,,,
1003,13,22,26,34,38,43,,,,,
1004,3,21,23,24,27,32,,,,,
1005,5,13,20,24,25,27,,,,,
1006,7,8,16,31,32,33,,,,,
1007,3,8,17,25,28,43,,,,,
1008,11,14,16,21,24,39,,,,,
1009,3,19,34,36,40,43,,,,,
1010,6,12,16,24,25,37,,,,,
1011,23,26,27,29,30,43,,,,,
1012,9,11,19,22,27,38,,,,,
1013,3,20,36,38,39,41,,,,,
1014,2,3,9,19,40,42,,,,,
1015,9,14,20,23,27,32,,,,,
1016,1,14,31,32,39,42,,,,,
1017,1,4,24,30,39,40,,,,,
1018,3,22,25,28,32,39,,,,,
1019,8,14,15,22,25,40,,,,,
1020,2,25,27,28,35,42,,,,,
1021,3,30,32,33,34,39,,,,,
1022,3,15,19,30,34,37,,,,,
1023,9,17,24,25,33,40,,,,,
1024,2,4,5,20,37,43,,,,,
1025,10,17,20,21,36,43,,,,,
1026,1,8,11,17,22,26,,,,,
1027,13,16,17,19,20,38,,,,,
1028,7,10,18,21,28,36,,,,,
1029,5,13,22,31,37,39,,,,,
1030,4,9,17,20,23,42,,,,,
1031,2,4,7,22,32,35,,,,,
1032,11,20,21,30,36,43,,,,,
1033,1,15,21,24,37,41,,,,,
1034,14,20,24,25,31,32,,,,,
1035,9,15,17,19,27,33,,,,,
1036,2,8,17,27,30,31,,,,,
1037,1,3,12,13,21,32,,,,,
1038,3,7,24,25,27,39,,,,,
1039,6,9,20,34,37,41,,,,,
1040,7,13,15,21,23,34,,,,,
1041,14,22,27,29,33,37,,,,,
1042,4,10,11,12,18,25,,,,,
1043,21,29,30,32,38,42,,,,,
1044,3,7,16,26,34,39,,,,,
1045,1,19,21,30,31,43,,,,,
1046,6,13,17,18,27,43,,,,,
1047,5,9,13,31,32,35,,,,,
1048,26,27,30,31,34,40,,,,,
1049,3,6,15,23,24,31,,,,,
1050,3,8,14,28,31,43,,,,,
1051,5,13,20,28,30,32,,,,,
1052,6,26,34,37,42,43,,,,,
1053,4,11,23,27,35,42,,,,,
1054,7,9,10,19,28,33,,,,,
1055,5,11,20,25,26,32,,,,,
1056,14,16,19,29,32,37,,,,,
1057,2,11,19,21,28,38,,,,,
1058,11,12,17,23,29,43,,,,,
1059,8,26,27,29,35,43,,,,,
1060,5,10,16,17,32,37,,,,,
1061,1,12,14,16,20,29,,,,,
1062,2,7,28,39,42,43,,,,,
1063,6,12,13,34,38,42,,,,,
1064,4,13,18,27,30,39,,,,,
1065,11,13,27,37,41,42,,,,,
1066,2,11,29,36,40,42,,,,,
1067,5,9,25,27,28,33,,,,,
1068,3,9,21,34,35,42,,,,,
1069,12,17,26,30,33,40,,,,,
1070,11,21,25,34,35,36,,,,,
1071,1,10,25,27,31,40,,,,,
1072,3,17,20,32,36,43,,,,,
1073,1,3,5,8,20,39,,,,,
1074,8,9,16,27,30,33,,,,,
1075,7,8,21,24,34,42,,,,,
1076,21,22,24,30,31,43,,,,,
1077,1,4,9,23,30,36,,,,,
1078,3,12,20,33,35,41,,,,,
1079,8,12,19,24,30,36,,,,,
1080,6,15,16,19,38,41,,,,,
1081,6,8,13,17,18,20,,,,,
1082,9,12,19,21,39,40,,,,,
1083,10,13,15,18,25,38,,,,,
1084,1,7,20,28,34,38,,,,,
1085,3,20,21,30,34,35,,,,,
1086,3,7,9,31,38,43,,,,,
1087,10,13,26,27,30,36,,,,,
1088,5,8,16,24,32,33,,,,,
1089,5,17,19,22,41,42,,,,,
1090,3,10,15,22,27,40,,,,,
1091,21,22,24,26,28,30,,,,,
1092,2,11,18,27,30,33,,,,,
1093,4,19,26,40,42,43,,,,,
1094,6,7,20,24,28,43,,,,,
1095,3,6,15,18,23,27,,,,,
1096,6,19,21,31,38,41,,,,,
1097,1,5,8,14,19,21,,,,,
1098,1,19,31,33,35,43,,,,,
1099,6,8,12,17,18,24,,,,,
1100,2,6,16,23,32,35,,,,,
1101,4,5,7,10,13,16,,,,,
1102,3,6,9,13,36,37,,,,,
1103,8,13,14,18,24,38,,,,,
1104,15,25,32,33,36,38,,,,,
1105,12,15,25,31,39,40,,,,,
1106,1,4,8,10,18,33,,,,,
1107,6,7,12,22,30,33,,,,,
1108,12,25,29,32,38,43,,,,,
1109,6,8,14,27,36,42,,,,,
1110,1,6,21,34,36,39,,,,,
1111,6,16,17,27,33,41,,,,,
1112,6,9,15,19,39,42,,,,,
1113,1,12,14,26,34,41,,,,,
1114,2,7,9,28,38,39,,,,,
1115,3,10,12,26,38,42,,,,,
1116,1,11,33,34,35,38,,,,,
1117,2,6,7,9,19,23,,,,,
1118,1,11,21,25,34,36,,,,,
1119,3,6,15,21,42,43,,,,,
1120,10,12,13,29,35,39,,,,,
1121,2,8,31,38,40,42,,,,,
1122,22,24,29,31,32,34,,,,,
1123,4,8,23,29,34,35,,,,,
1124,1,16,24,28,40,42,,,,,
1125,2,16,19,20,24,36,,,,,
1126,4,5,26,30,34,42,,,,,
1127,9,15,17,21,23,42,,,,,
1128,3,15,21,29,30,35,,,,,
1129,6,11,19,28,30,43,,,,,
1130,1,11,37,38,39,42,,,,,
1131,6,12,25,36,38,41,,,,,
1132,4,5,24,29,33,35,,,,,
1133,3,18,19,20,37,38,,,,,
1134,5,6,12,14,30,38,,,,,
1135,20,22,28,29,32,41,,,,,
1136,3,4,7,8,22,33,,,,,
1137,1,18,21,31,37,41,,,,,
1138,8,15,21,24,35,38,,,,,
1139,4,6,14,17,23,33,,,,,
1140,11,21,30,31,36,37,,,,,
1141,1,4,10,14,24,26,,,,,
1142,12,13,19,23,28,35,,,,,
1143,19,21,31,39,42,43,,,,,
1144,7,13,14,33,39,43,,,,,
1145,1,4,15,18,25,28,,,,,
1146,1,10,19,23,26,34,,,,,
1147,2,3,10,16,26,27,,,,,
1148,3,5,16,23,31,43,,,,,
1149,2,14,22,23,35,43,,,,,
1150,7,11,17,27,32,40,,,,,
1151,5,23,25,26,29,31,,,,,
1152,6,8,10,33,35,43,,,,,
1153,4,15,20,24,26,30,,,,,
1154,8,12,30,36,41,42,,,,,
1155,14,19,22,23,28,43,,,,,
1156,3,6,19,31,35,40,,,,,
1157,5,17,20,28,39,42,,,,,
1158,22,24,27,30,32,40,,,,,
1159,1,4,15,16,23,30,,,,,
1160,9,22,31,32,34,43,,,,,
1161,1,2,12,16,19,40,,,,,
1162,3,4,8,12,24,37,,,,,
1163,11,17,19,24,33,41,,,,,
1164,4,7,11,33,34,37,,,,,
1165,18,20,21,24,40,42,,,,,
1166,4,8,17,20,29,41,,,,,
1167,6,13,20,25,36,42,,,,,
1168,1,3,8,14,35,39,,,,,
1169,19,24,25,36,37,43,,,,,
1170,1,8,13,19,23,28,,,,,
1171,9,10,13,21,34,36,,,,,
1172,3,10,31,32,38,39,,,,,
1173,5,7,11,16,33,38,,,,,
1174,7,8,9,25,29,31,,,,,
1175,2,4,6,21,27,37,,,,,
1176,2,9,18,23,29,32,,,,,
1177,2,5,21,22,23,38,,,,,
1178,16,17,20,22,29,40,,,,,
1179,5,12,27,36,39,40,,,,,
1180,2,4,5,13,18,21,,,,,
1181,15,16,17,29,31,32,,,,,
1182,5,6,10,13,24,33,,,,,
1183,2,19,22,25,32,36,,,,,
1184,2,6,21,30,31,36,,,,,
1185,6,15,18,26,27,31,,,,,
1186,8,10,20,25,38,43,,,,,
1187,3,13,18,20,24,31,,,,,
1188,3,9,19,20,23,30,,,,,
1189,8,24,28,30,38,41,,,,,
1190,1,3,13,29,38,39,,,,,
1191,3,5,11,20,25,32,,,,,
1192,15,17,18,22,30,39,,,,,
1193,1,2,7,8,10,42,,,,,
1194,12,18,20,23,33,40,,,,,
1195,1,4,17,22,35,42,,,,,
1196,6,7,19,31,39,41,,,,,
1197,3,24,28,36,37,39,,,,,
1198,1,14,20,26,27,34,,,,,
1199,9,10,11,20,28,40,,,,,
1200,2,8,10,12,31,42,,,,,
1201,1,15,19,22,26,28,,,,,
1202,9,12,15,19,26,39,,,,,
1203,2,4,6,37,39,42,,,,,
1204,10,20,21,24,39,43,,,,,
1205,12,25,26,32,35,42,,,,,
1206,11,19,20,26,32,33,,,,,
1207,6,16,17,20,22,43,,,,,
1208,5,14,20,30,38,41,,,,,
1209,11,12,24,32,38,40,,,,,
1210,5,6,12,16,23,36,,,,,
1211,3,8,24,25,26,28,,,,,
1212,2,16,27,35,40,42,,,,,
1213,3,13,22,26,30,39,,,,,
1214,2,19,23,30,33,36,,,,,
1215,3,6,9,15,21,42,,,,,
1216,8,14,25,39,42,43,,,,,
1217,14,16,17,34,36,41,,,,,
1218,5,8,13,20,28,42,,,,,
1219,14,22,24,36,39,42,,,,,
1220,9,15,21,23,32,42,,,,,
1221,3,10,11,31,33,36,,,,,
1222,1,5,7,11,29,39,,,,,
1223,12,22,28,30,36,43,,,,,
1224,5,18,33,38,41,43,,,,,
1225,19,22,25,30,33,34,,,,,
1226,7,8,28,34,37,41,,,,,
1227,1,8,14,28,40,43,,,,,
1228,6,18,19,25,28,40,,,,,
1229,10,28,35,37,39,43,,,,,
1230,1,2,6,9,17,38,,,,,
1231,1,14,16,24,32,36,,,,,
1232,5,10,14,31,35,38,,,,,
1233,2,7,12,21,29,33,,,,,
1234,7,11,16,20,30,40,,,,,
1235,8,17,24,34,36,42,,,,,
1236,1,3,11,26,38,39,,,,,
1237,1,4,6,35,38,40,,,,,
1238,8,14,28,29,33,40,,,,,
1239,2,19,27,28,30,38,,,,,
1240,15,18,22,36,37,39,,,,,
1241,4,7,15,17,23,25,,,,,
1242,12,22,28,34,37,42,,,,,
1243,23,24,32,37,41,42,,,,,
1244,10,15,17,18,20,41,,,,,
1245,13,15,27,30,31,39,,,,,
1246,4,10,11,23,36,37,,,,,
1247,4,7,17,18,26,36,,,,,
1248,2,6,14,28,34,37,,,,,
1249,5,8,15,20,25,27,,,,,
1250,3,10,18,22,23,40,,,,,
1251,21,28,31,33,34,40,,,,,
1252,4,15,18,19,22,29,,,,,
1253,1,12,14,24,33,37,,,,,
1254,7,8,11,15,36,39,,,,,
1255,2,14,15,27,40,43,,,,,
1256,2,5,16,32,35,41,,,,,
1257,1,11,19,23,32,37,,,,,
1258,8,14,20,25,31,41,,,,,
1259,10,16,20,26,33,36,,,,,
1260,3,8,16,19,25,26,,,,,
1261,9,20,26,29,30,34,,,,,
1262,4,11,15,20,24,43,,,,,
1263,3,8,13,14,31,37,,,,,
1264,1,6,27,33,35,43,,,,,
1265,5,20,26,27,28,33,,,,,
1266,3,12,16,23,25,28,,,,,
1267,4,18,31,33,34,41,,,,,
1268,8,11,15,22,35,36,,,,,
1269,9,10,11,33,39,42,,,,,
1270,9,10,24,30,35,40,,,,,
1271,1,11,14,27,39,42,,,,,
1272,4,9,13,32,37,38,,,,,
1273,18,20,22,26,34,37,,,,,
1274,3,15,18,23,31,37,,,,,
1275,7,19,21,28,40,41,,,,,
1276,5,6,9,11,16,35,,,,,
1277,12,16,20,22,31,43,,,,,
1278,3,4,18,28,34,36,,,,,
1279,4,10,16,17,20,24,,,,,
1280,1,9,11,21,29,36,,,,,
1281,3,7,9,15,29,40,,,,,
1282,1,4,10,11,24,28,,,,,
1283,1,26,27,30,37,38,,,,,
1284,4,14,17,21,24,39,,,,,
1285,7,8,13,36,38,42,,,,,
1286,11,32,37,39,41,42,,,,,
1287,9,21,23,34,37,38,,,,,
1288,8,9,19,24,35,43,,,,,
1289,6,9,16,24,29,37,,,,,
1290,18,24,27,32,35,41,,,,,
1291,2,6,8,12,13,17,,,,,
1292,1,18,29,30,31,37,,,,,
1293,2,5,15,27,30,35,,,,,
1294,7,14,18,26,28,39,,,,,
1295,14,23,31,37,39,43,,,,,
1296,5,11,15,16,23,32,,,,,
1297,1,2,7,29,34,42,,,,,
1298,4,6,15,22,30,42,,,,,
1299,3,12,24,28,38,39,,,,,
1300,3,18,25,26,32,33,,,,,
1301,6,7,9,16,30,41,,,,,
1302,4,7,25,30,34,43,,,,,
1303,7,10,24,33,35,42,,,,,
1304,6,25,30,38,40,42,,,,,
1305,4,6,19,36,38,40,,,,,
1306,7,11,23,36,38,41,,,,,
1307,6,25,27,28,30,43,,,,,
1308,6,9,10,15,34,39,,,,,
1309,24,32,34,36,41,43,,,,,
1310,9,24,25,27,34,36,,,,,
1311,12,23,26,29,36,37,,,,,
1312,13,24,25,26,32,39,,,,,
1313,5,12,21,31,36,43,,,,,
1314,3,10,20,21,27,33,,,,,
1315,3,8,23,30,32,40,,,,,
1316,6,16,26,35,36,39,,,,,
1317,6,10,13,19,32,43,,,,,
1318,2,3,7,14,19,41,,,,,
1319,9,10,19,21,28,30,,,,,
1320,4,6,12,16,17,34,,,,,
1321,10,24,31,40,41,43,,,,,
1322,2,3,13,28,32,37,,,,,
1323,5,6,10,24,29,40,,,,,
1324,1,7,8,17,25,42,,,,,
1325,8,18,23,26,33,38,,,,,
1326,2,3,9,12,30,41,,,,,
1327,2,3,13,22,23,30,,,,,
1328,7,9,23,32,37,40,,,,,
1329,11,15,18,22,37,42,,,,,
1330,2,19,24,32,36,43,,,,,
1331,2,14,30,31,38,39,,,,,
1332,5,15,18,22,33,40,,,,,
1333,2,9,15,22,26,35,,,,,
1334,1,2,7,14,29,43,,,,,
1335,10,16,19,34,35,39,,,,,
1336,4,5,11,19,31,34,,,,,
1337,3,6,21,28,29,34,,,,,
1338,2,6,23,25,30,31,,,,,
1339,1,10,15,33,34,42,,,,,
1340,6,15,18,20,26,29,,,,,
1341,9,12,15,16,26,39,,,,,
1342,1,4,9,16,23,31,,,,,
1343,2,8,10,12,19,23,,,,,
1344,8,16,20,28,37,43,,,,,
1345,1,15,26,27,29,33,,,,,
1346,5,10,22,27,38,42,,,,,
1347,8,10,11,18,36,43,,,,,
1348,1,2,14,19,21,33,,,,,
1349,2,16,19,32,34,42,,,,,
1350,7,8,9,10,20,38,,,,,
1351,8,14,18,22,28,29,,,,,
1352,5,6,9,15,19,36,,,,,
1353,2,11,12,19,21,24,,,,,
1354,4,25,27,28,32,41,,,,,
1355,5,15,27,29,34,37,,,,,
1356,4,6,10,16,24,43,,,,,
1357,2,3,8,15,19,28,,,,,
1358,9,15,23,27,29,40,,,,,
1359,6,8,14,18,25,41,,,,,
1360,4,9,10,16,17,42,,,,,
1361,3,4,12,18,28,38,,,,,
1362,8,16,19,28,36,39,,,,,
1363,2,5,23,36,37,41,,,,,
1364,5,13,14,16,25,27,,,,,
1365,4,7,14,20,31,41,,,,,
1366,14,15,17,29,31,39,,,,,
1367,3,8,11,14,22,41,,,,,
1368,6,11,17,20,34,35,,,,,
1369,12,15,25,32,41,43,,,,,
1370,8,22,24,30,40,41,,,,,
1371,4,5,6,7,24,28,,,,,
1372,3,5,10,21,33,39,,,,,
1373,1,10,13,18,20,41,,,,,
1374,1,4,5,19,23,35,,,,,
1375,2,5,21,22,31,38,,,,,
1376,2,5,22,31,32,43,,,,,
1377,1,7,13,24,40,43,,,,,
1378,1,10,15,24,35,43,,,,,
1379,1,2,19,21,24,37,,,,,
1380,1,3,24,26,29,33,,,,,
1381,2,4,5,16,19,38,,,,,
1382,8,9,12,25,26,28,,,,,
1383,2,4,9,15,18,39,,,,,
1384,3,6,13,32,38,43,,,,,
1385,9,20,28,35,41,43,,,,,
1386,4,11,14,15,20,38,,,,,
1387,11,27,29,30,37,38,,,,,
1388,9,10,12,15,29,37,,,,,
1389,6,16,21,23,26,42,,,,,
1390,10,11,13,28,34,39,,,,,
1391,3,12,23,31,36,42,,,,,
1392,6,9,12,19,40,42,,,,,
1393,7,11,26,32,42,43,,,,,
1394,8,9,35,36,42,43,,,,,
1395,5,16,18,27,30,43,,,,,
1396,3,7,11,15,23,41,,,,,
1397,9,18,19,21,25,26,,,,,
1398,23,29,34,35,40,43,,,,,
1399,7,20,21,33,41,43,,,,,
1400,8,10,26,31,34,39,,,,,
1401,2,13,23,24,25,33,,,,,
1402,10,24,26,33,36,42,,,,,
1403,1,3,10,27,34,41,,,,,
1404,2,17,29,37,38,39,,,,,
1405,3,4,6,19,23,24,,,,,
1406,20,24,27,29,34,35,,,,,
1407,10,13,19,28,33,39,,,,,
1408,2,17,24,26,34,43,,,,,
1409,5,6,8,20,22,25,,,,,
1410,8,14,17,25,36,41,,,,,
1411,2,5,7,20,25,28,,,,,
1412,2,19,24,25,32,42,,,,,
1413,7,13,17,21,24,26,,,,,
1414,12,19,21,26,40,41,,,,,
1415,1,3,7,34,39,40,,,,,
1416,2,9,10,15,24,36,,,,,
1417,3,10,25,26,27,31,,,,,
1418,4,21,32,35,42,43,,,,,
1419,5,10,11,12,21,37,,,,,
1420,1,2,14,16,22,28,,,,,
1421,2,14,20,23,37,43,,,,,
1422,12,14,17,20,24,30,,,,,
1423,11,24,29,36,37,42,,,,,
1424,6,7,25,26,33,36,,,,,
1425,1,24,28,33,35,42,,,,,
1426,4,13,17,19,30,43,,,,,
1427,1,7,25,26,38,41,,,,,
1428,16,18,19,34,35,36,,,,,
1429,4,8,13,18,21,23,,,,,
1430,4,7,9,12,20,28,,,,,
1431,2,27,28,33,38,40,,,,,
1432,4,5,15,32,33,43,,,,,
1433,3,5,12,16,38,42,,,,,
1434,2,20,30,38,39,40,,,,,
1435,2,4,16,21,22,40,,,,,
1436,3,7,17,18,30,36,,,,,
1437,3,11,24,25,37,40,,,,,
1438,2,5,6,20,33,38,,,,,
1439,11,17,23,28,34,41,,,,,
1440,1,7,20,31,41,42,,,,,
1441,12,22,24,33,35,42,,,,,
1442,12,21,35,36,40,43,,,,,
1443,2,4,8,10,22,33,,,,,
1444,11,20,24,25,30,37,,,,,
1445,3,14,24,29,30,42,,,,,
1446,2,5,11,20,21,32,,,,,
1447,2,9,12,13,14,22,,,,,
1448,10,12,25,29,32,41,,,,,
1449,6,19,20,26,34,38,,,,,
1450,24,25,26,27,34,36,,,,,
1451,2,6,10,20,24,43,,,,,
1452,17,19,29,31,37,39,,,,,
1453,10,22,26,27,28,41,,,,,
1454,3,15,19,34,37,40,,,,,
1455,1,10,12,22,34,43,,,,,
1456,2,18,19,24,29,31,,,,,
1457,1,3,11,17,20,37,,,,,
1458,4,16,19,22,26,29,,,,,
1459,2,17,19,24,28,29,,,,,
1460,3,6,10,15,29,30,,,,,
1461,5,7,8,18,22,26,,,,,
1462,4,18,19,28,33,36,,,,,
1463,18,29,32,34,35,39,,,,,
1464,8,13,14,18,29,31,,,,,
1465,11,15,16,24,28,38,,,,,
1466,6,10,15,18,32,40,,,,,
1467,3,14,16,25,26,38,,,,,
1468,4,8,15,24,25,31,,,,,
1469,4,9,10,13,24,27,,,,,
1470,4,8,14,16,39,40,,,,,
1471,1,3,8,32,37,43,,,,,
1472,1,6,7,9,23,40,,,,,
1473,1,5,6,27,33,38,,,,,
1474,4,6,8,22,27,32,,,,,
1475,6,7,9,20,21,27,,,,,
1476,6,22,38,40,41,42,,,,,
1477,4,13,14,25,27,32,,,,,
1478,7,12,15,21,40,42,,,,,
1479,1,20,30,32,35,37,,,,,
1480,2,4,5,6,24,34,,,,,
1481,3,9,21,31,41,42,,,,,
1482,8,26,28,32,41,43,,,,,
1483,3,10,20,23,29,43,,,,,
1484,4,12,17,18,23,41,,,,,
1485,9,10,18,27,28,35,,,,,
1486,18,24,29,33,39,42,,,,,
1487,5,7,9,17,24,35,,,,,
1488,4,10,11,17,34,37,,,,,
1489,4,6,11,13,23,32,,,,,
1490,7,19,24,29,39,43,,,,,
1491,8,11,23,31,34,37,,,,,
1492,4,16,18,32,38,42,,,,,
1493,11,18,24,27,37,38,,,,,
1494,8,15,17,24,26,38,,,,,
1495,18,24,32,34,37,41,,,,,
1496,5,9,13,16,17,34,,,,,
1497,6,22,28,30,35,37,,,,,
1498,1,6,7,9,31,37,,,,,
1499,10,11,27,28,29,37,,,,,
1500,19,21,22,28,29,30,,,,,
1501,6,10,13,25,31,38,,,,,
1502,1,17,25,28,32,42,,,,,
1503,1,8,16,35,40,42,,,,,
1504,5,7,9,21,42,43,,,,,
1505,1,2,14,15,21,34,,,,,
1506,10,12,19,28,35,41,,,,,
1507,19,20,22,30,35,43,,,,,
1508,9,13,28,29,32,40,,,,,
1509,6,11,12,34,36,41,,,,,
1510,8,13,17,18,21,38,,,,,
1511,11,16,22,24,38,40,,,,,
1512,1,11,12,24,32,38,,,,,
1513,13,14,18,19,25,42,,,,,
1514,11,16,22,29,37,43,,,,,
1515,5,9,17,21,27,29,,,,,
1516,25,32,34,37,41,42,,,,,
1517,14,25,27,30,39,41,,,,,
1518,6,15,16,22,36,41,,,,,
1519,5,8,20,21,27,43,,,,,
1520,1,6,11,13,30,33,,,,,
1521,17,21,22,40,41,42,,,,,
1522,5,17,21,22,32,35,,,,,
1523,2,15,17,25,34,38,,,,,
1524,2,3,15,24,30,43,,,,,
1525,3,7,20,21,28,32,,,,,
1526,4,17,19,21,39,41,,,,,
1527,2,5,9,11,27,32,,,,,
1528,1,14,17,34,35,37,,,,,
1529,3,19,26,28,33,40,,,,,
1530,2,5,10,34,37,40,,,,,
1531,2,6,7,10,30,33,,,,,
1532,2,9,14,16,17,21,,,,,
1533,15,22,27,37,38,41,,,,,
1534,1,9,18,22,24,43,,,,,
1535,1,9,14,30,35,38,,,,,
1536,2,5,9,30,37,40,,,,,
1537,6,13,14,32,33,37,,,,,
1538,8,14,19,33,35,40,,,,,
1539,13,29,33,37,41,42,,,,,
1540,1,20,25,28,33,37,,,,,
1541,12,26,28,32,33,35,,,,,
1542,11,12,16,17,20,36,,,,,
1543,17,21,26,33,36,38,,,,,
1544,3,11,25,26,39,42,,,,,
1545,8,14,15,26,37,43,,,,,
1546,1,18,19,24,31,40,,,,,
1547,4,11,14,17,22,39,,,,,
1548,18,24,26,35,39,42,,,,,
1549,4,5,27,28,35,41,,,,,
1550,8,11,22,32,37,42,,,,,
1551,3,14,18,24,38,43,,,,,
1552,5,9,15,30,32,39,,,,,
1553,7,8,16,32,41,42,,,,,
1554,6,14,16,27,40,42,,,,,
1555,2,8,17,23,24,27,,,,,
1556,10,19,28,30,38,42,,,,,
1557,5,21,22,23,26,39,,,,,
1558,1,12,25,27,39,42,,,,,
1559,4,15,17,20,26,31,,,,,
1560,7,19,24,32,40,42,,,,,
1561,12,15,26,34,35,38,,,,,
1562,2,4,15,16,26,33,,,,,
1563,1,12,20,26,35,37,,,,,
1564,5,6,18,20,27,37,,,,,
1565,5,9,17,28,30,37,,,,,
1566,12,13,20,24,30,35,,,,,
1567,5,7,19,26,37,40,,,,,
1568,2,5,7,10,16,34,,,,,
1569,2,8,29,31,32,33,,,,,
1570,1,19,22,23,31,36,,,,,
1571,1,2,5,25,40,41,,,,,
1572,4,6,10,19,28,38,,,,,
1573,2,10,16,38,39,43,,,,,
1574,1,2,3,20,31,32,,,,,
1575,2,8,15,24,32,39,,,,,
1576,5,7,10,17,29,32,,,,,
1577,13,14,15,28,37,39,,,,,
1578,3,15,17,19,21,34,,,,,
1579,23,29,32,33,37,42,,,,,
1580,5,7,11,12,24,31,,,,,
1581,6,12,30,31,41,43,,,,,
1582,18,32,35,36,39,41,,,,,
1583,5,7,16,34,39,41,,,,,
1584,13,15,18,30,37,43,,,,,
1585,2,6,10,13,16,32,,,,,
1586,2,13,19,27,40,42,,,,,
1587,16,21,22,27,36,43,,,,,
1588,6,16,27,31,32,34,,,,,
1589,11,21,25,31,36,39,,,,,
1590,10,12,15,29,33,42,,,,,
1591,7,9,18,21,26,43,,,,,
1592,4,16,25,30,36,43,,,,,
1593,6,17,18,35,37,38,,,,,
1594,1,5,6,13,34,36,,,,,
1595,16,21,30,32,40,43,,,,,
1596,10,15,30,35,42,43,,,,,
1597,2,3,8,17,23,32,,,,,
1598,9,11,26,28,39,43,,,,,
1599,1,2,20,22,35,38,,,,,
1600,7,14,22,35,37,39,,,,,
1601,6,13,17,18,21,41,,,,,
1602,1,2,7,14,32,42,,,,,
1603,4,6,32,35,40,42,,,,,
1604,12,21,23,36,37,38,,,,,
1605,2,5,8,20,29,40,,,,,
1606,18,23,25,26,32,34,,,,,
1607,10,13,14,15,17,22,,,,,
1608,10,18,22,23,25,35,,,,,
1609,4,12,16,34,35,41,,,,,
1610,1,8,13,22,41,42,,,,,
1611,3,14,16,24,32,36,,,,,
1612,5,8,12,16,27,38,,,,,
1613,9,17,22,25,30,41,,,,,
1614,4,5,20,29,40,43,,,,,
1615,2,5,6,13,19,29,,,,,
1616,1,4,6,21,34,41,,,,,
1617,2,19,21,24,26,41,,,,,
1618,2,10,14,17,37,43,,,,,
1619,3,5,17,20,24,38,,,,,
1620,7,15,19,24,25,28,,,,,
1621,3,10,22,23,26,39,,,,,
1622,16,29,34,35,40,41,,,,,
1623,7,12,15,17,19,29,,,,,
1624,3,5,17,25,33,39,,,,,
1625,1,4,8,11,30,42,,,,,
1626,9,11,19,23,30,43,,,,,
1627,21,22,23,26,36,38,,,,,
1628,1,3,10,12,26,42,,,,,
1629,19,23,30,31,32,40,,,,,
1630,10,11,24,33,34,36,,,,,
1631,7,15,23,26,30,35,,,,,
1632,1,9,24,28,31,41,,,,,
1633,3,7,9,26,35,36,,,,,
1634,18,19,20,23,29,35,,,,,
1635,4,8,19,32,36,43,,,,,
1636,1,12,24,26,30,36,,,,,
1637,2,3,11,16,27,36,,,,,
1638,21,25,26,35,39,40,,,,,
1639,5,9,13,20,26,32,,,,,
1640,8,9,19,21,27,30,,,,,
1641,2,5,7,12,16,20,,,,,
1642,5,15,16,24,34,39,,,,,
1643,10,11,12,15,16,40,,,,,
1644,1,9,14,28,32,40,,,,,
1645,2,8,13,14,33,40,,,,,
1646,3,19,21,29,39,43,,,,,
1647,3,8,14,15,19,35,,,,,
1648,2,3,22,26,35,42,,,,,
1649,8,16,19,23,29,41,,,,,
1650,1,3,15,33,39,43,,,,,
1651,7,12,15,21,27,32,,,,,
1652,8,15,16,23,38,43,,,,,
1653,2,7,10,12,29,36,,,,,
1654,9,10,14,21,22,33,,,,,
1655,21,23,31,38,42,43,,,,,
1656,11,12,14,28,36,38,,,,,
1657,11,13,16,19,20,38,,,,,
1658,10,11,19,29,30,36,,,,,
1659,4,10,23,25,37,42,,,,,
1660,3,13,29,35,42,43,,,,,
1661,6,14,31,35,38,43,,,,,
1662,4,17,18,25,26,27,,,,,
1663,1,6,19,21,27,39,,,,,
1664,7,10,17,20,21,27,,,,,
1665,19,22,24,29,34,41,,,,,
1666,14,16,26,37,41,43,,,,,
1667,5,8,18,25,40,43,,,,,
1668,5,16,21,24,31,34,,,,,
1669,2,4,13,14,22,29,,,,,
1670,1,16,20,23,32,37,,,,,
1671,16,27,37,38,39,43,,,,,
1672,6,17,22,27,37,42,,,,,
1673,24,33,35,36,41,43,,,,,
1674,14,19,25,29,33,43,,,,,
1675,2,3,17,27,28,34,,,,,
1676,5,13,21,27,31,36,,,,,
1677,11,20,26,31,34,38,,,,,
1678,3,15,17,21,22,23,,,,,
1679,10,12,13,21,31,41,,,,,
1680,4,19,29,32,35,42,,,,,
1681,1,7,11,13,15,42,,,,,
1682,6,9,10,21,33,41,,,,,
1683,6,15,28,30,32,43,,,,,
1684,5,10,26,30,34,40,,,,,
1685,1,26,27,28,33,37,,,,,
1686,7,8,9,23,25,41,,,,,
1687,20,21,23,26,29,35,,,,,
1688,2,4,10,24,34,42,,,,,
1689,4,7,21,22,34,42,,,,,
1690,8,16,21,23,29,37,,,,,
1691,13,16,18,29,33,41,,,,,
1692,4,8,17,31,37,42,,,,,
1693,7,8,21,23,34,36,,,,,
1694,2,12,14,26,32,37,,,,,
1695,3,8,14,18,28,37,,,,,
1696,2,4,13,18,32,35,,,,,
1697,2,3,11,12,22,35,,,,,
1698,6,16,18,33,42,43,,,,,
1699,4,6,16,27,39,42,,,,,
1700,11,19,20,27,31,35,,,,,
1701,5,8,27,30,33,39,,,,,
1702,2,6,7,18,27,38,,,,,
1703,14,22,23,30,33,38,,,,,
1704,1,5,18,26,39,40,,,,,
1705,3,6,9,28,37,41,,,,,
1706,13,15,32,35,37,38,,,,,
1707,14,16,28,34,35,36,,,,,
1708,1,20,29,35,40,41,,,,,
1709,3,4,7,20,22,41,,,,,
1710,1,2,21,27,32,37,,,,,
1711,3,32,33,34,35,40,,,,,
1712,1,5,15,24,25,28,,,,,
1713,6,32,38,39,40,42,,,,,
1714,11,15,20,26,33,42,,,,,
1715,2,6,15,16,32,37,,,,,
1716,2,26,27,32,38,42,,,,,
1717,15,21,23,24,33,36,,,,,
1718,1,6,9,15,18,38,,,,,
1719,4,11,15,16,35,39,,,,,
1720,1,5,18,25,32,38,,,,,
1721,7,8,14,17,22,39,,,,,
1722,2,5,30,33,36,42,,,,,
1723,6,10,15,16,30,38,,,,,
1724,6,9,24,26,33,37,,,,,
1725,2,10,16,17,20,28,,,,,
1726,9,14,16,21,27,43,,,,,
1727,3,13,16,22,33,42,,,,,
1728,4,8,14,18,26,38,,,,,
1729,11,15,24,25,28,31,,,,,
1730,4,8,16,21,22,26,,,,,
1731,3,7,19,21,32,35,,,,,
1732,3,18,19,34,38,42,,,,,
1733,22,24,25,27,29,39,,,,,
1734,5,6,11,19,28,35,,,,,
1735,1,21,24,33,40,41,,,,,
1736,6,9,25,26,27,32,,,,,
1737,12,14,22,24,29,33,,,,,
1738,7,12,20,31,33,43,,,,,
1739,1,7,12,36,37,39,,,,,
1740,14,21,24,27,31,38,,,,,
1741,4,14,17,19,22,42,,,,,
1742,16,20,22,29,33,40,,,,,
1743,3,17,18,19,20,42,,,,,
1744,1,8,21,25,26,35,,,,,
1745,7,9,10,21,39,40,,,,,
1746,3,11,14,22,27,32,,,,,
1747,1,9,11,14,15,40,,,,,
1748,8,11,23,28,36,39,,,,,
1749,1,4,13,17,31,34,,,,,
1750,3,15,18,21,34,40,,,,,
1751,1,12,21,24,29,42,,,,,
1752,2,5,15,20,22,36,,,,,
1753,1,2,4,9,22,25,,,,,
1754,3,6,7,19,35,39,,,,,
1755,4,11,13,26,27,36,,,,,
1756,19,25,29,36,37,41,,,,,
1757,6,12,15,35,36,39,,,,,
1758,7,14,28,32,42,43,,,,,
1759,1,10,25,27,28,33,,,,,
1760,8,14,18,38,39,42,,,,,
1761,5,7,13,21,23,30,,,,,
1762,1,6,7,20,37,40,,,,,
1763,2,6,20,30,31,41,,,,,
1764,16,21,26,31,39,42,,,,,
1765,1,10,15,19,20,32,,,,,
1766,16,19,25,26,35,43,,,,,
1767,7,15,17,21,32,35,,,,,
1768,6,21,30,32,39,40,,,,,
1769,4,11,15,19,28,32,,,,,
1770,1,11,18,24,37,43,,,,,
1771,3,6,12,16,31,42,,,,,
1772,5,21,22,30,32,36,,,,,
1773,12,21,22,27,31,32,,,,,
1774,17,18,26,30,36,40,,,,,
1775,4,5,9,26,27,29,,,,,
1776,5,11,18,25,33,38,,,,,
1777,5,16,19,21,30,35,,,,,
1778,9,19,24,25,26,39,,,,,
1779,11,13,20,33,35,40,,,,,
1780,1,5,19,26,35,37,,,,,
1781,10,18,32,39,41,42,,,,,
1782,7,31,32,36,39,42,,,,,
1783,5,14,19,23,30,42,,,,,
1784,3,19,30,32,36,40,,,,,
1785,4,11,24,35,37,42,,,,,
1786,2,5,6,26,33,35,,,,,
1787,2,13,17,19,41,43,,,,,
1788,3,14,16,19,26,39,,,,,
1789,6,9,16,26,29,34,,,,,
1790,6,14,18,22,29,30,,,,,
1791,8,9,18,19,30,36,,,,,
1792,1,4,16,31,32,41,,,,,
1793,1,6,14,15,23,24,,,,,
1794,24,29,32,35,36,40,,,,,
1795,26,30,31,35,41,43,,,,,
1796,2,5,15,16,23,26,,,,,
1797,15,23,26,34,41,43,,,,,
1798,4,5,19,32,34,37,,,,,
1799,11,18,34,40,41,42,,,,,
1800,6,12,13,15,17,41,,,,,
1801,18,25,26,37,39,43,,,,,
1802,1,9,34,35,39,42,,,,,
1803,9,16,18,19,39,41,,,,,
1804,12,14,18,25,36,42,,,,,
1805,4,22,27,31,32,40,,,,,
1806,11,30,35,38,40,43,,,,,
1807,1,2,8,9,10,20,,,,,
1808,2,10,27,38,40,41,,,,,
1809,2,5,10,22,24,42,,,,,
1810,4,17,26,30,31,43,,,,,
1811,2,4,6,13,20,38,,,,,
1812,10,13,18,28,36,39,,,,,
1813,5,22,26,34,39,42,,,,,
1814,1,2,13,21,23,31,,,,,
1815,3,8,10,25,26,29,,,,,
1816,2,21,25,34,35,40,,,,,
1817,6,24,30,33,37,38,,,,,
1818,2,11,23,25,34,36,,,,,
1819,5,8,18,20,24,34,,,,,
1820,5,10,30,35,36,41,,,,,
1821,9,11,12,14,27,38,,,,,
1822,5,18,21,22,26,42,,,,,
1823,4,10,18,25,34,38,,,,,
1824,6,7,13,18,25,43,,,,,
1825,1,10,13,17,20,41,,,,,
1826,7,14,18,19,22,25,,,,,
1827,1,13,18,23,38,41,,,,,
1828,1,6,9,16,18,22,,,,,
1829,12,15,16,17,28,42,,,,,
1830,4,10,23,29,31,36,,,,,
1831,1,14,17,27,32,43,,,,,
1832,2,7,20,25,35,40,,,,,
1833,7,13,34,37,42,43,,,,,
1834,14,21,30,38,40,42,,,,,
1835,11,20,23,24,31,33,,,,,
1836,13,17,18,22,23,41,,,,,
1837,16,17,27,34,38,42,,,,,
1838,3,13,23,28,30,43,,,,,
1839,2,5,26,32,34,40,,,,,
1840,4,9,15,21,26,33,,,,,
1841,8,11,15,31,33,38,,,,,
1842,4,6,9,24,26,29,,,,,
1843,4,5,10,19,26,37,,,,,
1844,12,15,28,31,34,43,,,,,
1845,10,22,25,30,31,39,,,,,
1846,6,8,15,16,33,37,,,,,
1847,18,22,25,35,36,39,,,,,
1848,3,23,26,27,31,35,,,,,
1849,11,15,17,33,36,41,,,,,
1850,1,8,23,30,36,41,,,,,
1851,8,9,10,16,17,39,,,,,
1852,15,16,24,26,35,43,,,,,
1853,11,13,24,26,28,34,,,,,
1854,7,8,12,25,30,32,,,,,
1855,21,24,26,30,31,38,,,,,
1856,4,10,19,31,34,35,,,,,
1857,11,16,20,23,38,41,,,,,
1858,12,13,17,22,35,40,,,,,
1859,1,4,11,28,37,39,,,,,
1860,8,15,20,21,31,34,,,,,
1861,2,12,13,27,39,40,,,,,
1862,25,27,33,37,38,43,,,,,
1863,15,20,24,37,38,39,,,,,
1864,14,22,28,34,41,42,,,,,
1865,3,5,18,21,26,36,,,,,
1866,8,19,21,29,38,40,,,,,
1867,1,6,17,28,40,42,,,,,
1868,3,7,22,23,24,32,,,,,
1869,7,8,16,28,36,37,,,,,
1870,5,9,13,23,25,40,,,,,
1871,7,13,22,24,38,42,,,,,
1872,3,18,20,25,34,40,,,,,
1873,6,15,26,33,39,41,,,,,
1874,13,31,33,36,41,43,,,,,
1875,11,15,16,24,38,39,,,,,
1876,4,7,17,31,38,43,,,,,
1877,1,11,13,16,21,37,,,,,
1878,6,8,12,18,32,38,,,,,
1879,1,8,14,27,29,37,,,,,
1880,9,14,21,31,33,43,,,,,
1881,2,9,22,31,33,35,,,,,
1882,3,6,11,25,36,43,,,,,
1883,3,11,24,25,28,32,,,,,
1884,20,25,29,36,38,42,,,,,
1885,2,6,7,16,17,41,,,,,
1886,1,6,19,25,33,39,,,,,
1887,5,7,15,18,36,37,,,,,
1888,4,5,6,28,29,39,,,,,
1889,7,15,21,27,28,32,,,,,
1890,17,21,29,34,41,42,,,,,
1891,2,16,23,38,40,43,,,,,
1892,7,8,9,19,22,38,,,,,
1893,25,31,33,35,37,42,,,,,
1894,19,29,36,37,41,42,,,,,
1895,6,18,29,33,35,40,,,,,
1896,5,12,15,16,28,40,,,,,
1897,7,23,27,30,34,36,,,,,
1898,5,19,23,26,31,42,,,,,
1899,2,4,9,19,33,36,,,,,
1900,3,9,29,30,39,42,,,,,
1901,14,15,26,28,33,37,,,,,
1902,4,7,15,18,35,40,,,,,
1903,18,19,23,25,27,32,,,,,
1904,14,21,23,24,28,36,,,,,
1905,4,5,17,20,29,30,,,,,
1906,1,8,21,22,30,42,,,,,
1907,10,14,21,23,24,40,,,,,
1908,3,9,21,25,42,43,,,,,
1909,3,5,7,8,22,27,,,,,
1910,2,8,24,29,30,31,,,,,
1911,4,8,9,14,16,41,,,,,
1912,1,11,24,29,33,34,,,,,
1913,2,5,22,23,29,33,,,,,
1914,4,10,22,24,36,38,,,,,
1915,4,10,14,19,24,40,,,,,
1916,5,13,18,23,30,39,,,,,
1917,3,12,14,29,30,33,,,,,
1918,3,4,5,6,18,20,,,,,
1919,5,17,19,21,38,41,,,,,
1920,6,10,22,23,31,36,,,,,
1921,1,2,13,25,33,41,,,,,
1922,3,11,22,31,33,35,,,,,
1923,6,7,18,30,34,37,,,,,
1924,7,16,18,25,26,27,,,,,
1925,5,9,11,18,34,37,,,,,
1926,10,13,18,24,34,37,,,,,
1927,2,11,18,26,32,36,,,,,
1928,2,18,20,24,26,29,,,,,
1929,7,10,12,20,40,43,,,,,
1930,5,10,19,23,29,37,,,,,
1931,9,23,27,30,33,41,,,,,
1932,1,5,16,20,24,31,,,,,
1933,3,7,9,10,12,30,,,,,
1934,6,13,16,20,27,41,,,,,
1935,3,8,12,14,17,40,,,,,
1936,1,6,19,29,33,35,,,,,
1937,1,9,26,28,31,38,,,,,
1938,5,9,14,32,39,41,,,,,
1939,10,22,26,27,29,37,,,,,
1940,2,14,15,25,26,42,,,,,
1941,2,12,13,21,23,43,,,,,
1942,1,16,18,26,27,35,,,,,
1943,10,11,17,25,34,38,,,,,
1944,6,11,21,33,39,42,,,,,
1945,1,2,4,14,27,43,,,,,
1946,8,9,11,27,36,38,,,,,
1947,10,24,30,36,37,41,,,,,
1948,18,29,30,38,39,43,,,,,
1949,12,13,17,28,37,43,,,,,
1950,9,20,26,28,30,42,,,,,
1951,1,3,6,23,28,35,,,,,
1952,24,25,31,32,34,40,,,,,
1953,19,23,29,33,36,40,,,,,
1954,2,10,15,25,35,37,,,,,
1955,11,19,26,28,29,36,,,,,
1956,2,19,21,24,35,42,,,,,
1957,3,4,5,13,34,42,,,,,
1958,1,15,16,20,21,25,,,,,
1959,19,20,36,40,41,43,,,,,
1960,10,22,27,28,31,32,,,,,
1961,11,12,27,28,38,43,,,,,
1962,4,8,19,22,32,37,,,,,
1963,3,4,20,29,35,38,,,,,
1964,2,5,28,33,35,36,,,,,
1965,17,18,20,23,33,43,,,,,
1966,4,12,25,29,34,36,,,,,
1967,3,4,22,26,29,35,,,,,
1968,6,13,15,22,35,41,,,,,
1969,3,7,12,13,35,38,,,,,
1970,11,26,27,31,36,37,,,,,
1971,2,6,9,26,32,36,,,,,
1972,3,14,27,28,32,36,,,,,
1973,7,10,14,27,28,32,,,,,
1974,2,6,13,21,24,30,,,,,
1975,11,13,15,20,35,42,,,,,
1976,4,6,22,30,33,36,,,,,
1977,4,14,20,28,29,34,,,,,
1978,23,25,26,30,34,35,,,,,
1979,15,18,19,21,37,40,,,,,
1980,1,2,13,19,35,41,,,,,
1981,5,10,15,17,29,41,,,,,
1982,20,21,23,28,32,34,,,,,
1983,3,18,31,36,37,40,,,,,
1984,4,19,28,29,34,40,,,,,
1985,1,30,36,37,41,43,,,,,
1986,14,20,29,31,41,42,,,,,
1987,8,12,25,28,32,42,,,,,
1988,6,20,23,24,33,35,,,,,
1989,15,17,23,29,35,43,,,,,
1990,6,9,15,19,24,40,,,,,
1991,1,5,12,16,17,40,,,,,
1992,9,11,18,21,27,34,,,,,
1993,7,12,13,35,37,42,,,,,
1994,10,11,13,16,24,26,,,,,
1995,2,4,8,26,27,37,,,,,
1996,6,17,26,28,33,34,,,,,
1997,5,16,17,28,36,40,,,,,
1998,1,4,6,9,20,43,,,,,
1999,17,31,34,35,36,38,,,,,
